Insert into TB_AUTHORITIES (USERNAME,AUTHORITY) values ('admin','ROLE_ADMIN');
Insert into TB_AUTHORITIES (USERNAME,AUTHORITY) values ('admin','ROLE_USER');
Insert into TB_AUTHORITIES (USERNAME,AUTHORITY) values ('user','ROLE_USER');
Insert into TB_ROLES (AUTHORITY,ROLE_NAME,DESCRIPTION,CREATE_DATE,MODIFY_DATE) values ('ROLE_ANONYMOUS','모든 사용자',null,to_date('22/02/06','RR/MM/DD'),to_date('22/02/06','RR/MM/DD'));
Insert into TB_ROLES (AUTHORITY,ROLE_NAME,DESCRIPTION,CREATE_DATE,MODIFY_DATE) values ('IS_AUTHENTICATED_ANONYMOUSLY','스프링시큐리티 내부사용(롤부여 금지)',null,to_date('22/02/06','RR/MM/DD'),to_date('22/02/06','RR/MM/DD'));
Insert into TB_ROLES (AUTHORITY,ROLE_NAME,DESCRIPTION,CREATE_DATE,MODIFY_DATE) values ('IS_AUTHENTICATED_REMEMBERED','스프링시큐리티 내부사용(롤부여 금지)',null,to_date('22/02/06','RR/MM/DD'),to_date('22/02/06','RR/MM/DD'));
Insert into TB_ROLES (AUTHORITY,ROLE_NAME,DESCRIPTION,CREATE_DATE,MODIFY_DATE) values ('IS_AUTHENTICATED_FULLY','스프링시큐리티 내부사용(롤부여 금지)',null,to_date('22/02/06','RR/MM/DD'),to_date('22/02/06','RR/MM/DD'));
Insert into TB_ROLES (AUTHORITY,ROLE_NAME,DESCRIPTION,CREATE_DATE,MODIFY_DATE) values ('ROLE_USER','일반 사용자',null,to_date('22/02/06','RR/MM/DD'),to_date('22/02/06','RR/MM/DD'));
Insert into TB_ROLES (AUTHORITY,ROLE_NAME,DESCRIPTION,CREATE_DATE,MODIFY_DATE) values ('ROLE_ADMIN','관리자',null,to_date('22/02/06','RR/MM/DD'),to_date('22/02/06','RR/MM/DD'));
Insert into TB_ROLES_HIERARCHY (PARENT_ROLE,CHILD_ROLE) values ('IS_AUTHENTICATED_ANONYMOUSLY','IS_AUTHENTICATED_REMEMBERED');
Insert into TB_ROLES_HIERARCHY (PARENT_ROLE,CHILD_ROLE) values ('IS_AUTHENTICATED_FULLY','ROLE_USER');
Insert into TB_ROLES_HIERARCHY (PARENT_ROLE,CHILD_ROLE) values ('IS_AUTHENTICATED_REMEMBERED','IS_AUTHENTICATED_FULLY');
Insert into TB_ROLES_HIERARCHY (PARENT_ROLE,CHILD_ROLE) values ('ROLE_ANONYMOUS','IS_AUTHENTICATED_ANONYMOUSLY');
Insert into TB_ROLES_HIERARCHY (PARENT_ROLE,CHILD_ROLE) values ('ROLE_USER','ROLE_ADMIN');
Insert into TB_SECURED_RESOURCES (RESOURCE_ID,RESOURCE_NAME,RESOURCE_PATTERN,DESCRIPTION,RESOURCE_TYPE,SORT_ORDER,CREATE_DATE,MODIFY_DATE) values ('web-000001','소개 페이지','/intro/intro.do','소개페이지를 위한 롤','url','1',to_date('22/02/06','RR/MM/DD'),to_date('22/02/06','RR/MM/DD'));
Insert into TB_SECURED_RESOURCES (RESOURCE_ID,RESOURCE_NAME,RESOURCE_PATTERN,DESCRIPTION,RESOURCE_TYPE,SORT_ORDER,CREATE_DATE,MODIFY_DATE) values ('web-000002','관리자 페이지','/admin/adminMain.do','관리자페이지 접근제한 롤','url','1',to_date('22/02/06','RR/MM/DD'),to_date('22/02/06','RR/MM/DD'));
Insert into TB_SECURED_RESOURCES (RESOURCE_ID,RESOURCE_NAME,RESOURCE_PATTERN,DESCRIPTION,RESOURCE_TYPE,SORT_ORDER,CREATE_DATE,MODIFY_DATE) values ('web-000003','관리자 요청','/admin/**','관리자페이지 접근제한 롤','url','2',to_date('22/02/06','RR/MM/DD'),to_date('22/02/06','RR/MM/DD'));
Insert into TB_SECURED_RESOURCES_ROLE (RESOURCE_ID,AUTHORITY,CREATE_DATE) values ('web-000001','ROLE_USER',to_date('22/02/06','RR/MM/DD'));
Insert into TB_SECURED_RESOURCES_ROLE (RESOURCE_ID,AUTHORITY,CREATE_DATE) values ('web-000002','ROLE_ADMIN',to_date('22/02/06','RR/MM/DD'));
Insert into TB_USERS (USERNAME,PASSWORD,ENABLED) values ('user','1111',1);
Insert into TB_USERS (USERNAME,PASSWORD,ENABLED) values ('admin','1111',1);
Insert into TBL_AUTHORITIES (USERNAME,AUTHORITY) values ('admin','ROLE_ADMIN');
Insert into TBL_AUTHORITIES (USERNAME,AUTHORITY) values ('admin','ROLE_USER');
Insert into TBL_AUTHORITIES (USERNAME,AUTHORITY) values ('park','ROLE_USER');
Insert into TBL_AUTHORITIES (USERNAME,AUTHORITY) values ('user','ROLE_USER');
Insert into TBL_GROUP (GROUP_ID,GROUP_NAME) values ('G01','관리자 그룹');
Insert into TBL_GROUP (GROUP_ID,GROUP_NAME) values ('G02','사용자 그룹');
Insert into TBL_GROUP_AUTHORITIES (GROUP_ID,AUTHORITY) values ('G01','ROLE_ADMIN');
Insert into TBL_GROUP_AUTHORITIES (GROUP_ID,AUTHORITY) values ('G01','ROLE_USER');
Insert into TBL_GROUP_AUTHORITIES (GROUP_ID,AUTHORITY) values ('G02','ROLE_USER');
Insert into TBL_GROUP_MEMBERS (GROUP_ID,USERNAME) values ('G01','admin');
Insert into TBL_GROUP_MEMBERS (GROUP_ID,USERNAME) values ('G02','user');
Insert into TBL_USERS (USERNAME,PASSWORD,ENABLED) values ('user','$2a$10$kXDtY6JkajKHGADZSDloreRm1Ehj1H5IBESZfPMe.MxvpD79LF/Cy',1);
Insert into TBL_USERS (USERNAME,PASSWORD,ENABLED) values ('admin','$2a$10$kXDtY6JkajKHGADZSDloreRm1Ehj1H5IBESZfPMe.MxvpD79LF/Cy',1);
Insert into TBL_USERS (USERNAME,PASSWORD,ENABLED) values ('park','$2a$10$kXDtY6JkajKHGADZSDloreRm1Ehj1H5IBESZfPMe.MxvpD79LF/Cy',1);

